T,C0,C1,T_ns,T_ps
320005000,32981,33725,0.320005,0.000320005
320015000,32982,33726,0.320015,0.000320015
320025000,32983,33727,0.320025,0.000320025
320035000,32984,33728,0.320035,0.000320035
320045000,32985,33729,0.320045,0.000320045
320055000,32986,33730,0.320055,0.000320055
320065000,32987,33731,0.320065,0.000320065
320075000,32988,33732,0.320075,0.000320075
320085000,32989,33733,0.320085,0.000320085
320095000,32990,33734,0.320095,0.000320095
320105000,32991,33735,0.320105,0.000320105
320115000,32992,33736,0.320115,0.000320115
320125000,32993,33737,0.320125,0.000320125
320135000,32994,33738,0.320135,0.000320135
320145000,32995,33739,0.320145,0.000320145
320155000,32996,33740,0.320155,0.000320155
320165000,32997,33741,0.320165,0.000320165
320175000,32998,33742,0.320175,0.000320175
320185000,32999,33743,0.320185,0.000320185
320195000,33000,33744,0.320195,0.000320195
320205000,33001,33745,0.320205,0.000320205
320215000,33002,33746,0.320215,0.000320215
320225000,33003,33747,0.320225,0.000320225
320235000,33004,33748,0.320235,0.000320235
320245000,33005,33749,0.320245,0.000320245
320255000,33006,33750,0.320255,0.000320255
320265000,33007,33751,0.320265,0.000320265
320275000,33008,33752,0.320275,0.000320275
320285000,33009,33753,0.320285,0.000320285
320295000,33010,33754,0.320295,0.000320295
320305000,33011,33755,0.320305,0.000320305
320315000,33012,33756,0.320315,0.000320315
320325000,33013,33757,0.320325,0.000320325
320335000,33014,33758,0.320335,0.000320335
320345000,33015,33759,0.320345,0.000320345
320355000,33016,33760,0.320355,0.000320355
320365000,33017,33761,0.320365,0.000320365
320375000,33018,33762,0.320375,0.000320375
320385000,33019,33763,0.320385,0.000320385
320395000,33020,33764,0.320395,0.000320395
320405000,33021,33765,0.320405,0.000320405
320415000,33022,33766,0.320415,0.000320415
320425000,33023,33767,0.320425,0.000320425
320435000,33024,33768,0.320435,0.000320435
320445000,33025,33769,0.320445,0.000320445
320455000,33026,33770,0.320455,0.000320455
320465000,33027,33771,0.320465,0.000320465
320475000,33028,33772,0.320475,0.000320475
320485000,33029,33773,0.320485,0.000320485
320495000,33030,33774,0.320495,0.000320495
320505000,33031,33775,0.320505,0.000320505
320515000,33032,33776,0.320515,0.000320515
320525000,33033,33777,0.320525,0.000320525
320535000,33034,33778,0.320535,0.000320535
320545000,33035,33779,0.320545,0.000320545
320555000,33036,33780,0.320555,0.000320555
320565000,33037,33781,0.320565,0.000320565
320575000,33038,33782,0.320575,0.000320575
320585000,33039,33783,0.320585,0.000320585
320595000,33040,33784,0.320595,0.000320595
320605000,33041,33785,0.320605,0.000320605
320615000,33042,33786,0.320615,0.000320615
320625000,33043,33787,0.320625,0.000320625
320635000,33044,33788,0.320635,0.000320635
320645000,33045,33789,0.320645,0.000320645
320655000,33046,33790,0.320655,0.000320655
320665000,33047,33791,0.320665,0.000320665
320675000,33048,33792,0.320675,0.000320675
320685000,33049,33793,0.320685,0.000320685
320695000,33050,33794,0.320695,0.000320695
320705000,33051,33795,0.320705,0.000320705
320715000,33052,33796,0.320715,0.000320715
320725000,33053,33797,0.320725,0.000320725
320735000,33054,33798,0.320735,0.000320735
320745000,33055,33799,0.320745,0.000320745
320755000,33056,33800,0.320755,0.000320755
320765000,33057,33801,0.320765,0.000320765
320775000,33058,33802,0.320775,0.000320775
320785000,33059,33803,0.320785,0.000320785
320795000,33060,33804,0.320795,0.000320795
320805000,33061,33805,0.320805,0.000320805
320815000,33062,33806,0.320815,0.000320815
320825000,33063,33807,0.320825,0.000320825
320835000,33064,33808,0.320835,0.000320835
320845000,33065,33809,0.320845,0.000320845
320855000,33066,33810,0.320855,0.000320855
320865000,33067,33811,0.320865,0.000320865
320875000,33068,33812,0.320875,0.000320875
320885000,33069,33813,0.320885,0.000320885
320895000,33070,33814,0.320895,0.000320895
320905000,33071,33815,0.320905,0.000320905
320915000,33072,33816,0.320915,0.000320915
320925000,33073,33817,0.320925,0.000320925
320935000,33074,33818,0.320935,0.000320935
320945000,33075,33819,0.320945,0.000320945
320955000,33076,33820,0.320955,0.000320955
320965000,33077,33821,0.320965,0.000320965
320975000,33078,33822,0.320975,0.000320975
320985000,33079,33823,0.320985,0.000320985
320995000,33080,33824,0.320995,0.000320995
640005000,64981,65719,0.640005,0.000640005
640015000,64982,65720,0.640015,0.000640015
640025000,64983,65721,0.640025,0.000640025
640035000,64984,65722,0.640035,0.000640035
640045000,64985,65723,0.640045,0.000640045
640055000,64986,65724,0.640055,0.000640055
640065000,64987,65725,0.640065,0.000640065
640075000,64988,65726,0.640075,0.000640075
640085000,64989,65727,0.640085,0.000640085
640095000,64990,65728,0.640095,0.000640095
640105000,64991,65729,0.640105,0.000640105
640115000,64992,65730,0.640115,0.000640115
640125000,64993,65731,0.640125,0.000640125
640135000,64994,65732,0.640135,0.000640135
640145000,64995,65733,0.640145,0.000640145
640155000,64996,65734,0.640155,0.000640155
640165000,64997,65735,0.640165,0.000640165
640175000,64998,65736,0.640175,0.000640175
640185000,64999,65737,0.640185,0.000640185
640195000,65000,65738,0.640195,0.000640195
640205000,65001,65739,0.640205,0.000640205
640215000,65002,65740,0.640215,0.000640215
640225000,65003,65741,0.640225,0.000640225
640235000,65004,65742,0.640235,0.000640235
640245000,65005,65743,0.640245,0.000640245
640255000,65006,65744,0.640255,0.000640255
640265000,65007,65745,0.640265,0.000640265
640275000,65008,65746,0.640275,0.000640275
640285000,65009,65747,0.640285,0.000640285
640295000,65010,65748,0.640295,0.000640295
640305000,65011,65749,0.640305,0.000640305
640315000,65012,65750,0.640315,0.000640315
640325000,65013,65751,0.640325,0.000640325
640335000,65014,65752,0.640335,0.000640335
640345000,65015,65753,0.640345,0.000640345
640355000,65016,65754,0.640355,0.000640355
640365000,65017,65755,0.640365,0.000640365
640375000,65018,65756,0.640375,0.000640375
640385000,65019,65757,0.640385,0.000640385
640395000,65020,65758,0.640395,0.000640395
640405000,65021,65759,0.640405,0.000640405
640415000,65022,65760,0.640415,0.000640415
640425000,65023,65761,0.640425,0.000640425
640435000,65024,65762,0.640435,0.000640435
640445000,65025,65763,0.640445,0.000640445
640455000,65026,65764,0.640455,0.000640455
640465000,65027,65765,0.640465,0.000640465
640475000,65028,65766,0.640475,0.000640475
640485000,65029,65767,0.640485,0.000640485
640495000,65030,65768,0.640495,0.000640495
640505000,65031,65769,0.640505,0.000640505
640515000,65032,65770,0.640515,0.000640515
640525000,65033,65771,0.640525,0.000640525
640535000,65034,65772,0.640535,0.000640535
640545000,65035,65773,0.640545,0.000640545
640555000,65036,65774,0.640555,0.000640555
640565000,65037,65775,0.640565,0.000640565
640575000,65038,65776,0.640575,0.000640575
640585000,65039,65777,0.640585,0.000640585
640595000,65040,65778,0.640595,0.000640595
640605000,65041,65779,0.640605,0.000640605
640615000,65042,65780,0.640615,0.000640615
640625000,65043,65781,0.640625,0.000640625
640635000,65044,65782,0.640635,0.000640635
640645000,65045,65783,0.640645,0.000640645
640655000,65046,65784,0.640655,0.000640655
640665000,65047,65785,0.640665,0.000640665
640675000,65048,65786,0.640675,0.000640675
640685000,65049,65787,0.640685,0.000640685
640695000,65050,65788,0.640695,0.000640695
640705000,65051,65789,0.640705,0.000640705
640715000,65052,65790,0.640715,0.000640715
640725000,65053,65791,0.640725,0.000640725
640735000,65054,65792,0.640735,0.000640735
640745000,65055,65793,0.640745,0.000640745
640755000,65056,65794,0.640755,0.000640755
640765000,65057,65795,0.640765,0.000640765
640775000,65058,65796,0.640775,0.000640775
640785000,65059,65797,0.640785,0.000640785
640795000,65060,65798,0.640795,0.000640795
640805000,65061,65799,0.640805,0.000640805
640815000,65062,65800,0.640815,0.000640815
640825000,65063,65801,0.640825,0.000640825
640835000,65064,65802,0.640835,0.000640835
640845000,65065,65803,0.640845,0.000640845
640855000,65066,65804,0.640855,0.000640855
640865000,65067,65805,0.640865,0.000640865
640875000,65068,65806,0.640875,0.000640875
640885000,65069,65807,0.640885,0.000640885
640895000,65070,65808,0.640895,0.000640895
640905000,65071,65809,0.640905,0.000640905
640915000,65072,65810,0.640915,0.000640915
640925000,65073,65811,0.640925,0.000640925
640935000,65074,65812,0.640935,0.000640935
640945000,65075,65813,0.640945,0.000640945
640955000,65076,65814,0.640955,0.000640955
640965000,65077,65815,0.640965,0.000640965
640975000,65078,65816,0.640975,0.000640975
640985000,65079,65817,0.640985,0.000640985
640995000,65080,65818,0.640995,0.000640995
960005000,96981,97712,0.960005,0.000960005
960015000,96982,97713,0.960015,0.000960015
960025000,96983,97714,0.960025,0.000960025
960035000,96984,97715,0.960035,0.000960035
960045000,96985,97716,0.960045,0.000960045
960055000,96986,97717,0.960055,0.000960055
960065000,96987,97718,0.960065,0.000960065
960075000,96988,97719,0.960075,0.000960075
960085000,96989,97720,0.960085,0.000960085
960095000,96990,97721,0.960095,0.000960095
960105000,96991,97722,0.960105,0.000960105
960115000,96992,97723,0.960115,0.000960115
960125000,96993,97724,0.960125,0.000960125
960135000,96994,97725,0.960135,0.000960135
960145000,96995,97726,0.960145,0.000960145
960155000,96996,97727,0.960155,0.000960155
960165000,96997,97728,0.960165,0.000960165
960175000,96998,97729,0.960175,0.000960175
960185000,96999,97730,0.960185,0.000960185
960195000,97000,97731,0.960195,0.000960195
960205000,97001,97732,0.960205,0.000960205
960215000,97002,97733,0.960215,0.000960215
960225000,97003,97734,0.960225,0.000960225
960235000,97004,97735,0.960235,0.000960235
960245000,97005,97736,0.960245,0.000960245
960255000,97006,97737,0.960255,0.000960255
960265000,97007,97738,0.960265,0.000960265
960275000,97008,97739,0.960275,0.000960275
960285000,97009,97740,0.960285,0.000960285
960295000,97010,97741,0.960295,0.000960295
960305000,97011,97742,0.960305,0.000960305
960315000,97012,97743,0.960315,0.000960315
960325000,97013,97744,0.960325,0.000960325
960335000,97014,97745,0.960335,0.000960335
960345000,97015,97746,0.960345,0.000960345
960355000,97016,97747,0.960355,0.000960355
960365000,97017,97748,0.960365,0.000960365
960375000,97018,97749,0.960375,0.000960375
960385000,97019,97750,0.960385,0.000960385
960395000,97020,97751,0.960395,0.000960395
960405000,97021,97752,0.960405,0.000960405
960415000,97022,97753,0.960415,0.000960415
960425000,97023,97754,0.960425,0.000960425
960435000,97024,97755,0.960435,0.000960435
960445000,97025,97756,0.960445,0.000960445
960455000,97026,97757,0.960455,0.000960455
960465000,97027,97758,0.960465,0.000960465
960475000,97028,97759,0.960475,0.000960475
960485000,97029,97760,0.960485,0.000960485
960495000,97030,97761,0.960495,0.000960495
960505000,97031,97762,0.960505,0.000960505
960515000,97032,97763,0.960515,0.000960515
960525000,97033,97764,0.960525,0.000960525
960535000,97034,97765,0.960535,0.000960535
960545000,97035,97766,0.960545,0.000960545
960555000,97036,97767,0.960555,0.000960555
960565000,97037,97768,0.960565,0.000960565
960575000,97038,97769,0.960575,0.000960575
960585000,97039,97770,0.960585,0.000960585
960595000,97040,97771,0.960595,0.000960595
960605000,97041,97772,0.960605,0.000960605
960615000,97042,97773,0.960615,0.000960615
960625000,97043,97774,0.960625,0.000960625
960635000,97044,97775,0.960635,0.000960635
960645000,97045,97776,0.960645,0.000960645
960655000,97046,97777,0.960655,0.000960655
960665000,97047,97778,0.960665,0.000960665
960675000,97048,97779,0.960675,0.000960675
960685000,97049,97780,0.960685,0.000960685
960695000,97050,97781,0.960695,0.000960695
960705000,97051,97782,0.960705,0.000960705
960715000,97052,97783,0.960715,0.000960715
960725000,97053,97784,0.960725,0.000960725
960735000,97054,97785,0.960735,0.000960735
960745000,97055,97786,0.960745,0.000960745
960755000,97056,97787,0.960755,0.000960755
960765000,97057,97788,0.960765,0.000960765
960775000,97058,97789,0.960775,0.000960775
960785000,97059,97790,0.960785,0.000960785
960795000,97060,97791,0.960795,0.000960795
960805000,97061,97792,0.960805,0.000960805
960815000,97062,97793,0.960815,0.000960815
960825000,97063,97794,0.960825,0.000960825
960835000,97064,97795,0.960835,0.000960835
960845000,97065,97796,0.960845,0.000960845
960855000,97066,97797,0.960855,0.000960855
960865000,97067,97798,0.960865,0.000960865
960875000,97068,97799,0.960875,0.000960875
960885000,97069,97800,0.960885,0.000960885
960895000,97070,97801,0.960895,0.000960895
960905000,97071,97802,0.960905,0.000960905
960915000,97072,97803,0.960915,0.000960915
960925000,97073,97804,0.960925,0.000960925
960935000,97074,97805,0.960935,0.000960935
960945000,97075,97806,0.960945,0.000960945
960955000,97076,97807,0.960955,0.000960955
960965000,97077,97808,0.960965,0.000960965
960975000,97078,97809,0.960975,0.000960975
960985000,97079,97810,0.960985,0.000960985
960995000,97080,97811,0.960995,0.000960995
1280005000,128981,129706,1.280005,0.001280005
1280015000,128982,129707,1.280015,0.001280015
1280025000,128983,129708,1.280025,0.001280025
1280035000,128984,129709,1.280035,0.001280035
1280045000,128985,129710,1.280045,0.001280045
1280055000,128986,129711,1.280055,0.001280055
1280065000,128987,129712,1.280065,0.001280065
1280075000,128988,129713,1.280075,0.001280075
1280085000,128989,129714,1.280085,0.001280085
1280095000,128990,129715,1.280095,0.001280095
1280105000,128991,129716,1.280105,0.001280105
1280115000,128992,129717,1.280115,0.001280115
1280125000,128993,129718,1.280125,0.001280125
1280135000,128994,129719,1.280135,0.001280135
1280145000,128995,129720,1.280145,0.001280145
1280155000,128996,129721,1.280155,0.001280155
1280165000,128997,129722,1.280165,0.001280165
1280175000,128998,129723,1.280175,0.001280175
1280185000,128999,129724,1.280185,0.001280185
1280195000,129000,129725,1.280195,0.001280195
1280205000,129001,129726,1.280205,0.001280205
1280215000,129002,129727,1.280215,0.001280215
1280225000,129003,129728,1.280225,0.001280225
1280235000,129004,129729,1.280235,0.001280235
1280245000,129005,129730,1.280245,0.001280245
1280255000,129006,129731,1.280255,0.001280255
1280265000,129007,129732,1.280265,0.001280265
1280275000,129008,129733,1.280275,0.001280275
1280285000,129009,129734,1.280285,0.001280285
1280295000,129010,129735,1.280295,0.001280295
1280305000,129011,129736,1.280305,0.001280305
1280315000,129012,129737,1.280315,0.001280315
1280325000,129013,129738,1.280325,0.001280325
1280335000,129014,129739,1.280335,0.001280335
1280345000,129015,129740,1.280345,0.001280345
1280355000,129016,129741,1.280355,0.001280355
1280365000,129017,129742,1.280365,0.001280365
1280375000,129018,129743,1.280375,0.001280375
1280385000,129019,129744,1.280385,0.001280385
1280395000,129020,129745,1.280395,0.001280395
1280405000,129021,129746,1.280405,0.001280405
1280415000,129022,129747,1.280415,0.001280415
1280425000,129023,129748,1.280425,0.001280425
1280435000,129024,129749,1.280435,0.001280435
1280445000,129025,129750,1.280445,0.001280445
1280455000,129026,129751,1.280455,0.001280455
1280465000,129027,129752,1.280465,0.001280465
1280475000,129028,129753,1.280475,0.001280475
1280485000,129029,129754,1.280485,0.001280485
1280495000,129030,129755,1.280495,0.001280495
1280505000,129031,129756,1.280505,0.001280505
1280515000,129032,129757,1.280515,0.001280515
1280525000,129033,129758,1.280525,0.001280525
1280535000,129034,129759,1.280535,0.001280535
1280545000,129035,129760,1.280545,0.001280545
1280555000,129036,129761,1.280555,0.001280555
1280565000,129037,129762,1.280565,0.001280565
1280575000,129038,129763,1.280575,0.001280575
1280585000,129039,129764,1.280585,0.001280585
1280595000,129040,129765,1.280595,0.001280595
1280605000,129041,129766,1.280605,0.001280605
1280615000,129042,129767,1.280615,0.001280615
1280625000,129043,129768,1.280625,0.001280625
1280635000,129044,129769,1.280635,0.001280635
1280645000,129045,129770,1.280645,0.001280645
1280655000,129046,129771,1.280655,0.001280655
1280665000,129047,129772,1.280665,0.001280665
1280675000,129048,129773,1.280675,0.001280675
1280685000,129049,129774,1.280685,0.001280685
1280695000,129050,129775,1.280695,0.001280695
1280705000,129051,129776,1.280705,0.001280705
1280715000,129052,129777,1.280715,0.001280715
1280725000,129053,129778,1.280725,0.001280725
1280735000,129054,129779,1.280735,0.001280735
1280745000,129055,129780,1.280745,0.001280745
1280755000,129056,129781,1.280755,0.001280755
1280765000,129057,129782,1.280765,0.001280765
1280775000,129058,129783,1.280775,0.001280775
1280785000,129059,129784,1.280785,0.001280785
1280795000,129060,129785,1.280795,0.001280795
1280805000,129061,129786,1.280805,0.001280805
1280815000,129062,129787,1.280815,0.001280815
1280825000,129063,129788,1.280825,0.001280825
1280835000,129064,129789,1.280835,0.001280835
1280845000,129065,129790,1.280845,0.001280845
1280855000,129066,129791,1.280855,0.001280855
1280865000,129067,129792,1.280865,0.001280865
1280875000,129068,129793,1.280875,0.001280875
1280885000,129069,129794,1.280885,0.001280885
1280895000,129070,129795,1.280895,0.001280895
1280905000,129071,129796,1.280905,0.001280905
1280915000,129072,129797,1.280915,0.001280915
1280925000,129073,129798,1.280925,0.001280925
1280935000,129074,129799,1.280935,0.001280935
1280945000,129075,129800,1.280945,0.001280945
1280955000,129076,129801,1.280955,0.001280955
1280965000,129077,129802,1.280965,0.001280965
1280975000,129078,129803,1.280975,0.001280975
1280985000,129079,129804,1.280985,0.001280985
1280995000,129080,129805,1.280995,0.001280995
1600005000,160981,161700,1.600005,0.001600005
1600015000,160982,161701,1.600015,0.001600015
1600025000,160983,161702,1.600025,0.001600025
1600035000,160984,161703,1.600035,0.001600035
1600045000,160985,161704,1.600045,0.001600045
1600055000,160986,161705,1.600055,0.001600055
1600065000,160987,161706,1.600065,0.001600065
1600075000,160988,161707,1.600075,0.001600075
1600085000,160989,161708,1.600085,0.001600085
1600095000,160990,161709,1.600095,0.001600095
1600105000,160991,161710,1.600105,0.001600105
1600115000,160992,161711,1.600115,0.001600115
1600125000,160993,161712,1.600125,0.001600125
1600135000,160994,161713,1.600135,0.001600135
1600145000,160995,161714,1.600145,0.001600145
1600155000,160996,161715,1.600155,0.001600155
1600165000,160997,161716,1.600165,0.001600165
1600175000,160998,161717,1.600175,0.001600175
1600185000,160999,161718,1.600185,0.001600185
1600195000,161000,161719,1.600195,0.001600195
1600205000,161001,161720,1.600205,0.001600205
1600215000,161002,161721,1.600215,0.001600215
1600225000,161003,161722,1.600225,0.001600225
1600235000,161004,161723,1.600235,0.001600235
1600245000,161005,161724,1.600245,0.001600245
1600255000,161006,161725,1.600255,0.001600255
1600265000,161007,161726,1.600265,0.001600265
1600275000,161008,161727,1.600275,0.001600275
1600285000,161009,161728,1.600285,0.001600285
1600295000,161010,161729,1.600295,0.001600295
1600305000,161011,161730,1.600305,0.001600305
1600315000,161012,161731,1.600315,0.001600315
1600325000,161013,161731,1.600325,0.001600325
1600335000,161014,161732,1.600335,0.001600335
1600345000,161015,161733,1.600345,0.001600345
1600355000,161016,161734,1.600355,0.001600355
1600365000,161017,161735,1.600365,0.001600365
1600375000,161018,161736,1.600375,0.001600375
1600385000,161019,161737,1.600385,0.001600385
1600395000,161020,161738,1.600395,0.001600395
1600405000,161021,161739,1.600405,0.001600405
1600415000,161022,161740,1.600415,0.001600415
1600425000,161023,161741,1.600425,0.001600425
1600435000,161024,161742,1.600435,0.001600435
1600445000,161025,161743,1.600445,0.001600445
1600455000,161026,161744,1.600455,0.001600455
1600465000,161027,161745,1.600465,0.001600465
1600475000,161028,161746,1.600475,0.001600475
1600485000,161029,161747,1.600485,0.001600485
1600495000,161030,161748,1.600495,0.001600495
1600505000,161031,161749,1.600505,0.001600505
1600515000,161032,161750,1.600515,0.001600515
1600525000,161033,161751,1.600525,0.001600525
1600535000,161034,161752,1.600535,0.001600535
1600545000,161035,161753,1.600545,0.001600545
1600555000,161036,161754,1.600555,0.001600555
1600565000,161037,161755,1.600565,0.001600565
1600575000,161038,161756,1.600575,0.001600575
1600585000,161039,161757,1.600585,0.001600585
1600595000,161040,161758,1.600595,0.001600595
1600605000,161041,161759,1.600605,0.001600605
1600615000,161042,161760,1.600615,0.001600615
1600625000,161043,161761,1.600625,0.001600625
1600635000,161044,161762,1.600635,0.001600635
1600645000,161045,161763,1.600645,0.001600645
1600655000,161046,161764,1.600655,0.001600655
1600665000,161047,161765,1.600665,0.001600665
1600675000,161048,161766,1.600675,0.001600675
1600685000,161049,161767,1.600685,0.001600685
1600695000,161050,161768,1.600695,0.001600695
1600705000,161051,161769,1.600705,0.001600705
1600715000,161052,161770,1.600715,0.001600715
1600725000,161053,161771,1.600725,0.001600725
1600735000,161054,161772,1.600735,0.001600735
1600745000,161055,161773,1.600745,0.001600745
1600755000,161056,161774,1.600755,0.001600755
1600765000,161057,161775,1.600765,0.001600765
1600775000,161058,161776,1.600775,0.001600775
1600785000,161059,161777,1.600785,0.001600785
1600795000,161060,161778,1.600795,0.001600795
1600805000,161061,161779,1.600805,0.001600805
1600815000,161062,161780,1.600815,0.001600815
1600825000,161063,161781,1.600825,0.001600825
1600835000,161064,161782,1.600835,0.001600835
1600845000,161065,161783,1.600845,0.001600845
1600855000,161066,161784,1.600855,0.001600855
1600865000,161067,161785,1.600865,0.001600865
1600875000,161068,161786,1.600875,0.001600875
1600885000,161069,161787,1.600885,0.001600885
1600895000,161070,161788,1.600895,0.001600895
1600905000,161071,161789,1.600905,0.001600905
1600915000,161072,161790,1.600915,0.001600915
1600925000,161073,161791,1.600925,0.001600925
1600935000,161074,161792,1.600935,0.001600935
1600945000,161075,161793,1.600945,0.001600945
1600955000,161076,161794,1.600955,0.001600955
1600965000,161077,161795,1.600965,0.001600965
1600975000,161078,161796,1.600975,0.001600975
1600985000,161079,161797,1.600985,0.001600985
1600995000,161080,161798,1.600995,0.001600995
1920005000,192981,193693,1.920005,0.001920005
1920015000,192982,193694,1.920015,0.001920015
1920025000,192983,193695,1.920025,0.001920025
1920035000,192984,193696,1.920035,0.001920035
1920045000,192985,193697,1.920045,0.001920045
1920055000,192986,193698,1.920055,0.001920055
1920065000,192987,193699,1.920065,0.001920065
1920075000,192988,193700,1.920075,0.001920075
1920085000,192989,193701,1.920085,0.001920085
1920095000,192990,193702,1.920095,0.001920095
1920105000,192991,193703,1.920105,0.001920105
1920115000,192992,193704,1.920115,0.001920115
1920125000,192993,193705,1.920125,0.001920125
1920135000,192994,193706,1.920135,0.001920135
1920145000,192995,193707,1.920145,0.001920145
1920155000,192996,193708,1.920155,0.001920155
1920165000,192997,193709,1.920165,0.001920165
1920175000,192998,193710,1.920175,0.001920175
1920185000,192999,193711,1.920185,0.001920185
1920195000,193000,193712,1.920195,0.001920195
1920205000,193001,193713,1.920205,0.001920205
1920215000,193002,193714,1.920215,0.001920215
1920225000,193003,193715,1.920225,0.001920225
1920235000,193004,193716,1.920235,0.001920235
1920245000,193005,193717,1.920245,0.001920245
1920255000,193006,193718,1.920255,0.001920255
1920265000,193007,193719,1.920265,0.001920265
1920275000,193008,193720,1.920275,0.001920275
1920285000,193009,193721,1.920285,0.001920285
1920295000,193010,193722,1.920295,0.001920295
1920305000,193011,193723,1.920305,0.001920305
1920315000,193012,193724,1.920315,0.001920315
1920325000,193013,193725,1.920325,0.001920325
1920335000,193014,193726,1.920335,0.001920335
1920345000,193015,193727,1.920345,0.001920345
1920355000,193016,193728,1.920355,0.001920355
1920365000,193017,193729,1.920365,0.001920365
1920375000,193018,193730,1.920375,0.001920375
1920385000,193019,193731,1.920385,0.001920385
1920395000,193020,193732,1.920395,0.001920395
1920405000,193021,193733,1.920405,0.001920405
1920415000,193022,193734,1.920415,0.001920415
1920425000,193023,193735,1.920425,0.001920425
1920435000,193024,193736,1.920435,0.001920435
1920445000,193025,193737,1.920445,0.001920445
1920455000,193026,193738,1.920455,0.001920455
1920465000,193027,193739,1.920465,0.001920465
1920475000,193028,193740,1.920475,0.001920475
1920485000,193029,193741,1.920485,0.001920485
1920495000,193030,193742,1.920495,0.001920495
1920505000,193031,193743,1.920505,0.001920505
1920515000,193032,193744,1.920515,0.001920515
1920525000,193033,193745,1.920525,0.001920525
1920535000,193034,193746,1.920535,0.001920535
1920545000,193035,193747,1.920545,0.001920545
1920555000,193036,193748,1.920555,0.001920555
1920565000,193037,193749,1.920565,0.001920565
1920575000,193038,193750,1.920575,0.001920575
1920585000,193039,193751,1.920585,0.001920585
1920595000,193040,193752,1.920595,0.001920595
1920605000,193041,193753,1.920605,0.001920605
1920615000,193042,193754,1.920615,0.001920615
1920625000,193043,193755,1.920625,0.001920625
1920635000,193044,193756,1.920635,0.001920635
1920645000,193045,193757,1.920645,0.001920645
1920655000,193046,193758,1.920655,0.001920655
1920665000,193047,193759,1.920665,0.001920665
1920675000,193048,193760,1.920675,0.001920675
1920685000,193049,193761,1.920685,0.001920685
1920695000,193050,193762,1.920695,0.001920695
1920705000,193051,193763,1.920705,0.001920705
1920715000,193052,193764,1.920715,0.001920715
1920725000,193053,193765,1.920725,0.001920725
1920735000,193054,193766,1.920735,0.001920735
1920745000,193055,193767,1.920745,0.001920745
1920755000,193056,193768,1.920755,0.001920755
1920765000,193057,193769,1.920765,0.001920765
1920775000,193058,193770,1.920775,0.001920775
1920785000,193059,193771,1.920785,0.001920785
1920795000,193060,193772,1.920795,0.001920795
1920805000,193061,193773,1.920805,0.001920805
1920815000,193062,193774,1.920815,0.001920815
1920825000,193063,193775,1.920825,0.001920825
1920835000,193064,193776,1.920835,0.001920835
1920845000,193065,193777,1.920845,0.001920845
1920855000,193066,193778,1.920855,0.001920855
1920865000,193067,193779,1.920865,0.001920865
1920875000,193068,193780,1.920875,0.001920875
1920885000,193069,193781,1.920885,0.001920885
1920895000,193070,193782,1.920895,0.001920895
1920905000,193071,193783,1.920905,0.001920905
1920915000,193072,193784,1.920915,0.001920915
1920925000,193073,193785,1.920925,0.001920925
1920935000,193074,193786,1.920935,0.001920935
1920945000,193075,193787,1.920945,0.001920945
1920955000,193076,193788,1.920955,0.001920955
1920965000,193077,193789,1.920965,0.001920965
1920975000,193078,193790,1.920975,0.001920975
1920985000,193079,193791,1.920985,0.001920985
1920995000,193080,193792,1.920995,0.001920995
2240005000,224981,225687,2.240005,0.002240005
2240015000,224982,225688,2.240015,0.002240015
2240025000,224983,225689,2.240025,0.002240025
2240035000,224984,225690,2.240035,0.002240035
2240045000,224985,225691,2.240045,0.002240045
2240055000,224986,225692,2.240055,0.002240055
2240065000,224987,225693,2.240065,0.002240065
2240075000,224988,225694,2.240075,0.002240075
2240085000,224989,225695,2.240085,0.002240085
2240095000,224990,225696,2.240095,0.002240095
2240105000,224991,225697,2.240105,0.002240105
2240115000,224992,225698,2.240115,0.002240115
2240125000,224993,225699,2.240125,0.002240125
2240135000,224994,225700,2.240135,0.002240135
2240145000,224995,225701,2.240145,0.002240145
2240155000,224996,225702,2.240155,0.002240155
2240165000,224997,225703,2.240165,0.002240165
2240175000,224998,225704,2.240175,0.002240175
2240185000,224999,225705,2.240185,0.002240185
2240195000,225000,225706,2.240195,0.002240195
2240205000,225001,225707,2.240205,0.002240205
2240215000,225002,225708,2.240215,0.002240215
2240225000,225003,225709,2.240225,0.002240225
2240235000,225004,225710,2.240235,0.002240235
2240245000,225005,225711,2.240245,0.002240245
2240255000,225006,225712,2.240255,0.002240255
2240265000,225007,225713,2.240265,0.002240265
2240275000,225008,225714,2.240275,0.002240275
2240285000,225009,225715,2.240285,0.002240285
2240295000,225010,225716,2.240295,0.002240295
2240305000,225011,225717,2.240305,0.002240305
2240315000,225012,225718,2.240315,0.002240315
2240325000,225013,225719,2.240325,0.002240325
2240335000,225014,225720,2.240335,0.002240335
2240345000,225015,225721,2.240345,0.002240345
2240355000,225016,225722,2.240355,0.002240355
2240365000,225017,225723,2.240365,0.002240365
2240375000,225018,225724,2.240375,0.002240375
2240385000,225019,225725,2.240385,0.002240385
2240395000,225020,225726,2.240395,0.002240395
2240405000,225021,225727,2.240405,0.002240405
2240415000,225022,225728,2.240415,0.002240415
2240425000,225023,225729,2.240425,0.002240425
2240435000,225024,225730,2.240435,0.002240435
2240445000,225025,225731,2.240445,0.002240445
2240455000,225026,225732,2.240455,0.002240455
2240465000,225027,225733,2.240465,0.002240465
2240475000,225028,225734,2.240475,0.002240475
2240485000,225029,225735,2.240485,0.002240485
2240495000,225030,225736,2.240495,0.002240495
2240505000,225031,225737,2.240505,0.002240505
2240515000,225032,225738,2.240515,0.002240515
2240525000,225033,225739,2.240525,0.002240525
2240535000,225034,225740,2.240535,0.002240535
2240545000,225035,225741,2.240545,0.002240545
2240555000,225036,225742,2.240555,0.002240555
2240565000,225037,225743,2.240565,0.002240565
2240575000,225038,225744,2.240575,0.002240575
2240585000,225039,225745,2.240585,0.002240585
2240595000,225040,225746,2.240595,0.002240595
2240605000,225041,225747,2.240605,0.002240605
2240615000,225042,225748,2.240615,0.002240615
2240625000,225043,225749,2.240625,0.002240625
2240635000,225044,225750,2.240635,0.002240635
2240645000,225045,225751,2.240645,0.002240645
2240655000,225046,225752,2.240655,0.002240655
2240665000,225047,225753,2.240665,0.002240665
2240675000,225048,225754,2.240675,0.002240675
2240685000,225049,225755,2.240685,0.002240685
2240695000,225050,225756,2.240695,0.002240695
2240705000,225051,225757,2.240705,0.002240705
2240715000,225052,225758,2.240715,0.002240715
2240725000,225053,225759,2.240725,0.002240725
2240735000,225054,225760,2.240735,0.002240735
2240745000,225055,225761,2.240745,0.002240745
2240755000,225056,225762,2.240755,0.002240755
2240765000,225057,225763,2.240765,0.002240765
2240775000,225058,225764,2.240775,0.002240775
2240785000,225059,225765,2.240785,0.002240785
2240795000,225060,225766,2.240795,0.002240795
2240805000,225061,225767,2.240805,0.002240805
2240815000,225062,225768,2.240815,0.002240815
2240825000,225063,225769,2.240825,0.002240825
2240835000,225064,225770,2.240835,0.002240835
2240845000,225065,225771,2.240845,0.002240845
2240855000,225066,225772,2.240855,0.002240855
2240865000,225067,225773,2.240865,0.002240865
2240875000,225068,225774,2.240875,0.002240875
2240885000,225069,225775,2.240885,0.002240885
2240895000,225070,225776,2.240895,0.002240895
2240905000,225071,225777,2.240905,0.002240905
2240915000,225072,225778,2.240915,0.002240915
2240925000,225073,225779,2.240925,0.002240925
2240935000,225074,225780,2.240935,0.002240935
2240945000,225075,225781,2.240945,0.002240945
2240955000,225076,225782,2.240955,0.002240955
2240965000,225077,225783,2.240965,0.002240965
2240975000,225078,225784,2.240975,0.002240975
2240985000,225079,225785,2.240985,0.002240985
2240995000,225080,225786,2.240995,0.002240995
2560005000,256981,257680,2.560005,0.002560005
2560015000,256982,257681,2.560015,0.002560015
2560025000,256983,257682,2.560025,0.002560025
2560035000,256984,257683,2.560035,0.002560035
2560045000,256985,257684,2.560045,0.002560045
2560055000,256986,257685,2.560055,0.002560055
2560065000,256987,257686,2.560065,0.002560065
2560075000,256988,257687,2.560075,0.002560075
2560085000,256989,257688,2.560085,0.002560085
2560095000,256990,257689,2.560095,0.002560095
2560105000,256991,257690,2.560105,0.002560105
2560115000,256992,257691,2.560115,0.002560115
2560125000,256993,257692,2.560125,0.002560125
2560135000,256994,257693,2.560135,0.002560135
2560145000,256995,257694,2.560145,0.002560145
2560155000,256996,257695,2.560155,0.002560155
2560165000,256997,257696,2.560165,0.002560165
2560175000,256998,257697,2.560175,0.002560175
2560185000,256999,257698,2.560185,0.002560185
2560195000,257000,257699,2.560195,0.002560195
2560205000,257001,257700,2.560205,0.002560205
2560215000,257002,257701,2.560215,0.002560215
2560225000,257003,257702,2.560225,0.002560225
2560235000,257004,257703,2.560235,0.002560235
2560245000,257005,257704,2.560245,0.002560245
2560255000,257006,257705,2.560255,0.002560255
2560265000,257007,257706,2.560265,0.002560265
2560275000,257008,257707,2.560275,0.002560275
2560285000,257009,257708,2.560285,0.002560285
2560295000,257010,257709,2.560295,0.002560295
2560305000,257011,257710,2.560305,0.002560305
2560315000,257012,257711,2.560315,0.002560315
2560325000,257013,257712,2.560325,0.002560325
2560335000,257014,257713,2.560335,0.002560335
2560345000,257015,257714,2.560345,0.002560345
2560355000,257016,257715,2.560355,0.002560355
2560365000,257017,257716,2.560365,0.002560365
2560375000,257018,257717,2.560375,0.002560375
2560385000,257019,257718,2.560385,0.002560385
2560395000,257020,257719,2.560395,0.002560395
2560405000,257021,257720,2.560405,0.002560405
2560415000,257022,257721,2.560415,0.002560415
2560425000,257023,257722,2.560425,0.002560425
2560435000,257024,257723,2.560435,0.002560435
2560445000,257025,257724,2.560445,0.002560445
2560455000,257026,257725,2.560455,0.002560455
2560465000,257027,257726,2.560465,0.002560465
2560475000,257028,257727,2.560475,0.002560475
2560485000,257029,257728,2.560485,0.002560485
2560495000,257030,257729,2.560495,0.002560495
2560505000,257031,257730,2.560505,0.002560505
2560515000,257032,257731,2.560515,0.002560515
2560525000,257033,257732,2.560525,0.002560525
2560535000,257034,257733,2.560535,0.002560535
2560545000,257035,257734,2.560545,0.002560545
2560555000,257036,257735,2.560555,0.002560555
2560565000,257037,257736,2.560565,0.002560565
2560575000,257038,257737,2.560575,0.002560575
2560585000,257039,257738,2.560585,0.002560585
2560595000,257040,257739,2.560595,0.002560595
2560605000,257041,257740,2.560605,0.002560605
2560615000,257042,257741,2.560615,0.002560615
2560625000,257043,257742,2.560625,0.002560625
2560635000,257044,257743,2.560635,0.002560635
2560645000,257045,257744,2.560645,0.002560645
2560655000,257046,257745,2.560655,0.002560655
2560665000,257047,257746,2.560665,0.002560665
2560675000,257048,257747,2.560675,0.002560675
2560685000,257049,257748,2.560685,0.002560685
2560695000,257050,257749,2.560695,0.002560695
2560705000,257051,257750,2.560705,0.002560705
2560715000,257052,257751,2.560715,0.002560715
2560725000,257053,257752,2.560725,0.002560725
2560735000,257054,257753,2.560735,0.002560735
2560745000,257055,257754,2.560745,0.002560745
2560755000,257056,257755,2.560755,0.002560755
2560765000,257057,257756,2.560765,0.002560765
2560775000,257058,257757,2.560775,0.002560775
2560785000,257059,257758,2.560785,0.002560785
2560795000,257060,257759,2.560795,0.002560795
2560805000,257061,257760,2.560805,0.002560805
2560815000,257062,257761,2.560815,0.002560815
2560825000,257063,257762,2.560825,0.002560825
2560835000,257064,257763,2.560835,0.002560835
2560845000,257065,257764,2.560845,0.002560845
2560855000,257066,257765,2.560855,0.002560855
2560865000,257067,257766,2.560865,0.002560865
2560875000,257068,257767,2.560875,0.002560875
2560885000,257069,257768,2.560885,0.002560885
2560895000,257070,257769,2.560895,0.002560895
2560905000,257071,257770,2.560905,0.002560905
2560915000,257072,257771,2.560915,0.002560915
2560925000,257073,257772,2.560925,0.002560925
2560935000,257074,257773,2.560935,0.002560935
2560945000,257075,257774,2.560945,0.002560945
2560955000,257076,257775,2.560955,0.002560955
2560965000,257077,257776,2.560965,0.002560965
2560975000,257078,257777,2.560975,0.002560975
2560985000,257079,257778,2.560985,0.002560985
2560995000,257080,257779,2.560995,0.002560995
2880005000,288981,289674,2.880005,0.002880005
2880015000,288982,289675,2.880015,0.002880015
2880025000,288983,289676,2.880025,0.002880025
2880035000,288984,289677,2.880035,0.002880035
2880045000,288985,289678,2.880045,0.002880045
2880055000,288986,289679,2.880055,0.002880055
2880065000,288987,289680,2.880065,0.002880065
2880075000,288988,289681,2.880075,0.002880075
2880085000,288989,289682,2.880085,0.002880085
2880095000,288990,289683,2.880095,0.002880095
2880105000,288991,289684,2.880105,0.002880105
2880115000,288992,289685,2.880115,0.002880115
2880125000,288993,289686,2.880125,0.002880125
2880135000,288994,289687,2.880135,0.002880135
2880145000,288995,289688,2.880145,0.002880145
2880155000,288996,289689,2.880155,0.002880155
2880165000,288997,289690,2.880165,0.002880165
2880175000,288998,289691,2.880175,0.002880175
2880185000,288999,289692,2.880185,0.002880185
2880195000,289000,289693,2.880195,0.002880195
2880205000,289001,289694,2.880205,0.002880205
2880215000,289002,289695,2.880215,0.002880215
2880225000,289003,289696,2.880225,0.002880225
2880235000,289004,289697,2.880235,0.002880235
2880245000,289005,289698,2.880245,0.002880245
2880255000,289006,289699,2.880255,0.002880255
2880265000,289007,289700,2.880265,0.002880265
2880275000,289008,289701,2.880275,0.002880275
2880285000,289009,289702,2.880285,0.002880285
2880295000,289010,289703,2.880295,0.002880295
2880305000,289011,289704,2.880305,0.002880305
2880315000,289012,289705,2.880315,0.002880315
2880325000,289013,289706,2.880325,0.002880325
2880335000,289014,289707,2.880335,0.002880335
2880345000,289015,289708,2.880345,0.002880345
2880355000,289016,289709,2.880355,0.002880355
2880365000,289017,289710,2.880365,0.002880365
2880375000,289018,289711,2.880375,0.002880375
2880385000,289019,289712,2.880385,0.002880385
2880395000,289020,289713,2.880395,0.002880395
2880405000,289021,289714,2.880405,0.002880405
2880415000,289022,289715,2.880415,0.002880415
2880425000,289023,289716,2.880425,0.002880425
2880435000,289024,289717,2.880435,0.002880435
2880445000,289025,289718,2.880445,0.002880445
2880455000,289026,289719,2.880455,0.002880455
2880465000,289027,289720,2.880465,0.002880465
2880475000,289028,289721,2.880475,0.002880475
2880485000,289029,289722,2.880485,0.002880485
2880495000,289030,289723,2.880495,0.002880495
2880505000,289031,289724,2.880505,0.002880505
2880515000,289032,289725,2.880515,0.002880515
2880525000,289033,289726,2.880525,0.002880525
2880535000,289034,289727,2.880535,0.002880535
2880545000,289035,289728,2.880545,0.002880545
2880555000,289036,289729,2.880555,0.002880555
2880565000,289037,289730,2.880565,0.002880565
2880575000,289038,289731,2.880575,0.002880575
2880585000,289039,289732,2.880585,0.002880585
2880595000,289040,289733,2.880595,0.002880595
2880605000,289041,289734,2.880605,0.002880605
2880615000,289042,289735,2.880615,0.002880615
2880625000,289043,289736,2.880625,0.002880625
2880635000,289044,289737,2.880635,0.002880635
2880645000,289045,289738,2.880645,0.002880645
2880655000,289046,289739,2.880655,0.002880655
2880665000,289047,289740,2.880665,0.002880665
2880675000,289048,289741,2.880675,0.002880675
2880685000,289049,289742,2.880685,0.002880685
2880695000,289050,289743,2.880695,0.002880695
2880705000,289051,289744,2.880705,0.002880705
2880715000,289052,289745,2.880715,0.002880715
2880725000,289053,289746,2.880725,0.002880725
2880735000,289054,289747,2.880735,0.002880735
2880745000,289055,289748,2.880745,0.002880745
2880755000,289056,289749,2.880755,0.002880755
2880765000,289057,289750,2.880765,0.002880765
2880775000,289058,289751,2.880775,0.002880775
2880785000,289059,289752,2.880785,0.002880785
2880795000,289060,289753,2.880795,0.002880795
2880805000,289061,289754,2.880805,0.002880805
2880815000,289062,289755,2.880815,0.002880815
2880825000,289063,289756,2.880825,0.002880825
2880835000,289064,289757,2.880835,0.002880835
2880845000,289065,289758,2.880845,0.002880845
2880855000,289066,289759,2.880855,0.002880855
2880865000,289067,289760,2.880865,0.002880865
2880875000,289068,289761,2.880875,0.002880875
2880885000,289069,289762,2.880885,0.002880885
2880895000,289070,289763,2.880895,0.002880895
2880905000,289071,289764,2.880905,0.002880905
2880915000,289072,289765,2.880915,0.002880915
2880925000,289073,289766,2.880925,0.002880925
2880935000,289074,289767,2.880935,0.002880935
2880945000,289075,289768,2.880945,0.002880945
2880955000,289076,289769,2.880955,0.002880955
2880965000,289077,289770,2.880965,0.002880965
2880975000,289078,289771,2.880975,0.002880975
2880985000,289079,289772,2.880985,0.002880985
2880995000,289080,289773,2.880995,0.002880995
3200005000,320981,321668,3.200005,0.003200005
3200015000,320982,321669,3.200015,0.003200015
3200025000,320983,321670,3.200025,0.003200025
3200035000,320984,321671,3.200035,0.003200035
3200045000,320985,321672,3.200045,0.003200045
3200055000,320986,321673,3.200055,0.003200055
3200065000,320987,321674,3.200065,0.003200065
3200075000,320988,321675,3.200075,0.003200075
3200085000,320989,321676,3.200085,0.003200085
3200095000,320990,321677,3.200095,0.003200095
3200105000,320991,321678,3.200105,0.003200105
3200115000,320992,321679,3.200115,0.003200115
3200125000,320993,321680,3.200125,0.003200125
3200135000,320994,321681,3.200135,0.003200135
3200145000,320995,321682,3.200145,0.003200145
3200155000,320996,321683,3.200155,0.003200155
3200165000,320997,321684,3.200165,0.003200165
3200175000,320998,321685,3.200175,0.003200175
3200185000,320999,321686,3.200185,0.003200185
3200195000,321000,321687,3.200195,0.003200195
3200205000,321001,321688,3.200205,0.003200205
3200215000,321002,321689,3.200215,0.003200215
3200225000,321003,321690,3.200225,0.003200225
3200235000,321004,321691,3.200235,0.003200235
3200245000,321005,321692,3.200245,0.003200245
3200255000,321006,321693,3.200255,0.003200255
3200265000,321007,321694,3.200265,0.003200265
3200275000,321008,321695,3.200275,0.003200275
3200285000,321009,321696,3.200285,0.003200285
3200295000,321010,321697,3.200295,0.003200295
3200305000,321011,321698,3.200305,0.003200305
3200315000,321012,321699,3.200315,0.003200315
3200325000,321013,321700,3.200325,0.003200325
3200335000,321014,321701,3.200335,0.003200335
3200345000,321015,321702,3.200345,0.003200345
3200355000,321016,321703,3.200355,0.003200355
3200365000,321017,321704,3.200365,0.003200365
3200375000,321018,321705,3.200375,0.003200375
3200385000,321019,321706,3.200385,0.003200385
3200395000,321020,321707,3.200395,0.003200395
3200405000,321021,321708,3.200405,0.003200405
3200415000,321022,321709,3.200415,0.003200415
3200425000,321023,321710,3.200425,0.003200425
3200435000,321024,321711,3.200435,0.003200435
3200445000,321025,321712,3.200445,0.003200445
3200455000,321026,321713,3.200455,0.003200455
3200465000,321027,321714,3.200465,0.003200465
3200475000,321028,321715,3.200475,0.003200475
3200485000,321029,321716,3.200485,0.003200485
3200495000,321030,321717,3.200495,0.003200495
3200505000,321031,321718,3.200505,0.003200505
3200515000,321032,321719,3.200515,0.003200515
3200525000,321033,321720,3.200525,0.003200525
3200535000,321034,321721,3.200535,0.003200535
3200545000,321035,321722,3.200545,0.003200545
3200555000,321036,321723,3.200555,0.003200555
3200565000,321037,321724,3.200565,0.003200565
3200575000,321038,321725,3.200575,0.003200575
3200585000,321039,321726,3.200585,0.003200585
3200595000,321040,321727,3.200595,0.003200595
3200605000,321041,321728,3.200605,0.003200605
3200615000,321042,321729,3.200615,0.003200615
3200625000,321043,321730,3.200625,0.003200625
3200635000,321044,321731,3.200635,0.003200635
3200645000,321045,321731,3.200645,0.003200645
3200655000,321046,321732,3.200655,0.003200655
3200665000,321047,321733,3.200665,0.003200665
3200675000,321048,321734,3.200675,0.003200675
3200685000,321049,321735,3.200685,0.003200685
3200695000,321050,321736,3.200695,0.003200695
3200705000,321051,321737,3.200705,0.003200705
3200715000,321052,321738,3.200715,0.003200715
3200725000,321053,321739,3.200725,0.003200725
3200735000,321054,321740,3.200735,0.003200735
3200745000,321055,321741,3.200745,0.003200745
3200755000,321056,321742,3.200755,0.003200755
3200765000,321057,321743,3.200765,0.003200765
3200775000,321058,321744,3.200775,0.003200775
3200785000,321059,321745,3.200785,0.003200785
3200795000,321060,321746,3.200795,0.003200795
3200805000,321061,321747,3.200805,0.003200805
3200815000,321062,321748,3.200815,0.003200815
3200825000,321063,321749,3.200825,0.003200825
3200835000,321064,321750,3.200835,0.003200835
3200845000,321065,321751,3.200845,0.003200845
3200855000,321066,321752,3.200855,0.003200855
3200865000,321067,321753,3.200865,0.003200865
3200875000,321068,321754,3.200875,0.003200875
3200885000,321069,321755,3.200885,0.003200885
3200895000,321070,321756,3.200895,0.003200895
3200905000,321071,321757,3.200905,0.003200905
3200915000,321072,321758,3.200915,0.003200915
3200925000,321073,321759,3.200925,0.003200925
3200935000,321074,321760,3.200935,0.003200935
3200945000,321075,321761,3.200945,0.003200945
3200955000,321076,321762,3.200955,0.003200955
3200965000,321077,321763,3.200965,0.003200965
3200975000,321078,321764,3.200975,0.003200975
3200985000,321079,321765,3.200985,0.003200985
3200995000,321080,321766,3.200995,0.003200995
3520005000,352981,353661,3.520005,0.003520005
3520015000,352982,353662,3.520015,0.003520015
3520025000,352983,353663,3.520025,0.003520025
3520035000,352984,353664,3.520035,0.003520035
3520045000,352985,353665,3.520045,0.003520045
3520055000,352986,353666,3.520055,0.003520055
3520065000,352987,353667,3.520065,0.003520065
3520075000,352988,353668,3.520075,0.003520075
3520085000,352989,353669,3.520085,0.003520085
3520095000,352990,353670,3.520095,0.003520095
3520105000,352991,353671,3.520105,0.003520105
3520115000,352992,353672,3.520115,0.003520115
3520125000,352993,353673,3.520125,0.003520125
3520135000,352994,353674,3.520135,0.003520135
3520145000,352995,353675,3.520145,0.003520145
3520155000,352996,353676,3.520155,0.003520155
3520165000,352997,353677,3.520165,0.003520165
3520175000,352998,353678,3.520175,0.003520175
3520185000,352999,353679,3.520185,0.003520185
3520195000,353000,353680,3.520195,0.003520195
3520205000,353001,353681,3.520205,0.003520205
3520215000,353002,353682,3.520215,0.003520215
3520225000,353003,353683,3.520225,0.003520225
3520235000,353004,353684,3.520235,0.003520235
3520245000,353005,353685,3.520245,0.003520245
3520255000,353006,353686,3.520255,0.003520255
3520265000,353007,353687,3.520265,0.003520265
3520275000,353008,353688,3.520275,0.003520275
3520285000,353009,353689,3.520285,0.003520285
3520295000,353010,353690,3.520295,0.003520295
3520305000,353011,353691,3.520305,0.003520305
3520315000,353012,353692,3.520315,0.003520315
3520325000,353013,353693,3.520325,0.003520325
3520335000,353014,353694,3.520335,0.003520335
3520345000,353015,353695,3.520345,0.003520345
3520355000,353016,353696,3.520355,0.003520355
3520365000,353017,353697,3.520365,0.003520365
3520375000,353018,353698,3.520375,0.003520375
3520385000,353019,353699,3.520385,0.003520385
3520395000,353020,353700,3.520395,0.003520395
3520405000,353021,353701,3.520405,0.003520405
3520415000,353022,353702,3.520415,0.003520415
3520425000,353023,353703,3.520425,0.003520425
3520435000,353024,353704,3.520435,0.003520435
3520445000,353025,353705,3.520445,0.003520445
3520455000,353026,353706,3.520455,0.003520455
3520465000,353027,353707,3.520465,0.003520465
3520475000,353028,353708,3.520475,0.003520475
3520485000,353029,353709,3.520485,0.003520485
3520495000,353030,353710,3.520495,0.003520495
3520505000,353031,353711,3.520505,0.003520505
3520515000,353032,353712,3.520515,0.003520515
3520525000,353033,353713,3.520525,0.003520525
3520535000,353034,353714,3.520535,0.003520535
3520545000,353035,353715,3.520545,0.003520545
3520555000,353036,353716,3.520555,0.003520555
3520565000,353037,353717,3.520565,0.003520565
3520575000,353038,353718,3.520575,0.003520575
3520585000,353039,353719,3.520585,0.003520585
3520595000,353040,353720,3.520595,0.003520595
3520605000,353041,353721,3.520605,0.003520605
3520615000,353042,353722,3.520615,0.003520615
3520625000,353043,353723,3.520625,0.003520625
3520635000,353044,353724,3.520635,0.003520635
3520645000,353045,353725,3.520645,0.003520645
3520655000,353046,353726,3.520655,0.003520655
3520665000,353047,353727,3.520665,0.003520665
3520675000,353048,353728,3.520675,0.003520675
3520685000,353049,353729,3.520685,0.003520685
3520695000,353050,353730,3.520695,0.003520695
3520705000,353051,353731,3.520705,0.003520705
3520715000,353052,353732,3.520715,0.003520715
3520725000,353053,353733,3.520725,0.003520725
3520735000,353054,353734,3.520735,0.003520735
3520745000,353055,353735,3.520745,0.003520745
3520755000,353056,353736,3.520755,0.003520755
3520765000,353057,353737,3.520765,0.003520765
3520775000,353058,353738,3.520775,0.003520775
3520785000,353059,353739,3.520785,0.003520785
3520795000,353060,353740,3.520795,0.003520795
3520805000,353061,353741,3.520805,0.003520805
3520815000,353062,353742,3.520815,0.003520815
3520825000,353063,353743,3.520825,0.003520825
3520835000,353064,353744,3.520835,0.003520835
3520845000,353065,353745,3.520845,0.003520845
3520855000,353066,353746,3.520855,0.003520855
3520865000,353067,353747,3.520865,0.003520865
3520875000,353068,353748,3.520875,0.003520875
3520885000,353069,353749,3.520885,0.003520885
3520895000,353070,353750,3.520895,0.003520895
3520905000,353071,353751,3.520905,0.003520905
3520915000,353072,353752,3.520915,0.003520915
3520925000,353073,353753,3.520925,0.003520925
3520935000,353074,353754,3.520935,0.003520935
3520945000,353075,353755,3.520945,0.003520945
3520955000,353076,353756,3.520955,0.003520955
3520965000,353077,353757,3.520965,0.003520965
3520975000,353078,353758,3.520975,0.003520975
3520985000,353079,353759,3.520985,0.003520985
3520995000,353080,353760,3.520995,0.003520995
3840005000,384981,385655,3.840005,0.003840005
3840015000,384982,385656,3.840015,0.003840015
3840025000,384983,385657,3.840025,0.003840025
3840035000,384984,385658,3.840035,0.003840035
3840045000,384985,385659,3.840045,0.003840045
3840055000,384986,385660,3.840055,0.003840055
3840065000,384987,385661,3.840065,0.003840065
3840075000,384988,385662,3.840075,0.003840075
3840085000,384989,385663,3.840085,0.003840085
3840095000,384990,385664,3.840095,0.003840095
3840105000,384991,385665,3.840105,0.003840105
3840115000,384992,385666,3.840115,0.003840115
3840125000,384993,385667,3.840125,0.003840125
3840135000,384994,385668,3.840135,0.003840135
3840145000,384995,385669,3.840145,0.003840145
3840155000,384996,385670,3.840155,0.003840155
3840165000,384997,385671,3.840165,0.003840165
3840175000,384998,385672,3.840175,0.003840175
3840185000,384999,385673,3.840185,0.003840185
3840195000,385000,385674,3.840195,0.003840195
3840205000,385001,385675,3.840205,0.003840205
3840215000,385002,385676,3.840215,0.003840215
3840225000,385003,385677,3.840225,0.003840225
3840235000,385004,385678,3.840235,0.003840235
3840245000,385005,385679,3.840245,0.003840245
3840255000,385006,385680,3.840255,0.003840255
3840265000,385007,385681,3.840265,0.003840265
3840275000,385008,385682,3.840275,0.003840275
3840285000,385009,385683,3.840285,0.003840285
3840295000,385010,385684,3.840295,0.003840295
3840305000,385011,385685,3.840305,0.003840305
3840315000,385012,385686,3.840315,0.003840315
3840325000,385013,385687,3.840325,0.003840325
3840335000,385014,385688,3.840335,0.003840335
3840345000,385015,385689,3.840345,0.003840345
3840355000,385016,385690,3.840355,0.003840355
3840365000,385017,385691,3.840365,0.003840365
3840375000,385018,385692,3.840375,0.003840375
3840385000,385019,385693,3.840385,0.003840385
3840395000,385020,385694,3.840395,0.003840395
3840405000,385021,385695,3.840405,0.003840405
3840415000,385022,385696,3.840415,0.003840415
3840425000,385023,385697,3.840425,0.003840425
3840435000,385024,385698,3.840435,0.003840435
3840445000,385025,385699,3.840445,0.003840445
3840455000,385026,385700,3.840455,0.003840455
3840465000,385027,385701,3.840465,0.003840465
3840475000,385028,385702,3.840475,0.003840475
3840485000,385029,385703,3.840485,0.003840485
3840495000,385030,385704,3.840495,0.003840495
3840505000,385031,385705,3.840505,0.003840505
3840515000,385032,385706,3.840515,0.003840515
3840525000,385033,385707,3.840525,0.003840525
3840535000,385034,385708,3.840535,0.003840535
3840545000,385035,385709,3.840545,0.003840545
3840555000,385036,385710,3.840555,0.003840555
3840565000,385037,385711,3.840565,0.003840565
3840575000,385038,385712,3.840575,0.003840575
3840585000,385039,385713,3.840585,0.003840585
3840595000,385040,385714,3.840595,0.003840595
3840605000,385041,385715,3.840605,0.003840605
3840615000,385042,385716,3.840615,0.003840615
3840625000,385043,385717,3.840625,0.003840625
3840635000,385044,385718,3.840635,0.003840635
3840645000,385045,385719,3.840645,0.003840645
3840655000,385046,385720,3.840655,0.003840655
3840665000,385047,385721,3.840665,0.003840665
3840675000,385048,385722,3.840675,0.003840675
3840685000,385049,385723,3.840685,0.003840685
3840695000,385050,385724,3.840695,0.003840695
3840705000,385051,385725,3.840705,0.003840705
3840715000,385052,385726,3.840715,0.003840715
3840725000,385053,385727,3.840725,0.003840725
3840735000,385054,385728,3.840735,0.003840735
3840745000,385055,385729,3.840745,0.003840745
3840755000,385056,385730,3.840755,0.003840755
3840765000,385057,385731,3.840765,0.003840765
3840775000,385058,385732,3.840775,0.003840775
3840785000,385059,385733,3.840785,0.003840785
3840795000,385060,385734,3.840795,0.003840795
3840805000,385061,385735,3.840805,0.003840805
3840815000,385062,385736,3.840815,0.003840815
3840825000,385063,385737,3.840825,0.003840825
3840835000,385064,385738,3.840835,0.003840835
3840845000,385065,385739,3.840845,0.003840845
3840855000,385066,385740,3.840855,0.003840855
3840865000,385067,385741,3.840865,0.003840865
3840875000,385068,385742,3.840875,0.003840875
3840885000,385069,385743,3.840885,0.003840885
3840895000,385070,385744,3.840895,0.003840895
3840905000,385071,385745,3.840905,0.003840905
3840915000,385072,385746,3.840915,0.003840915
3840925000,385073,385747,3.840925,0.003840925
3840935000,385074,385748,3.840935,0.003840935
3840945000,385075,385749,3.840945,0.003840945
3840955000,385076,385750,3.840955,0.003840955
3840965000,385077,385751,3.840965,0.003840965
3840975000,385078,385752,3.840975,0.003840975
3840985000,385079,385753,3.840985,0.003840985
3840995000,385080,385754,3.840995,0.003840995
4160005000,416981,417648,4.160005,0.004160005
4160015000,416982,417649,4.160015,0.004160015
4160025000,416983,417650,4.160025,0.004160025
4160035000,416984,417651,4.160035,0.004160035
4160045000,416985,417652,4.160045,0.004160045
4160055000,416986,417653,4.160055,0.004160055
4160065000,416987,417654,4.160065,0.004160065
4160075000,416988,417655,4.160075,0.004160075
4160085000,416989,417656,4.160085,0.004160085
4160095000,416990,417657,4.160095,0.004160095
4160105000,416991,417658,4.160105,0.004160105
4160115000,416992,417659,4.160115,0.004160115
4160125000,416993,417660,4.160125,0.004160125
4160135000,416994,417661,4.160135,0.004160135
4160145000,416995,417662,4.160145,0.004160145
4160155000,416996,417663,4.160155,0.004160155
4160165000,416997,417664,4.160165,0.004160165
4160175000,416998,417665,4.160175,0.004160175
4160185000,416999,417666,4.160185,0.004160185
4160195000,417000,417667,4.160195,0.004160195
4160205000,417001,417668,4.160205,0.004160205
4160215000,417002,417669,4.160215,0.004160215
4160225000,417003,417670,4.160225,0.004160225
4160235000,417004,417671,4.160235,0.004160235
4160245000,417005,417672,4.160245,0.004160245
4160255000,417006,417673,4.160255,0.004160255
4160265000,417007,417674,4.160265,0.004160265
4160275000,417008,417675,4.160275,0.004160275
4160285000,417009,417676,4.160285,0.004160285
4160295000,417010,417677,4.160295,0.004160295
4160305000,417011,417678,4.160305,0.004160305
4160315000,417012,417679,4.160315,0.004160315
4160325000,417013,417680,4.160325,0.004160325
4160335000,417014,417681,4.160335,0.004160335
4160345000,417015,417682,4.160345,0.004160345
4160355000,417016,417683,4.160355,0.004160355
4160365000,417017,417684,4.160365,0.004160365
4160375000,417018,417685,4.160375,0.004160375
4160385000,417019,417686,4.160385,0.004160385
4160395000,417020,417687,4.160395,0.004160395
4160405000,417021,417688,4.160405,0.004160405
4160415000,417022,417689,4.160415,0.004160415
4160425000,417023,417690,4.160425,0.004160425
4160435000,417024,417691,4.160435,0.004160435
4160445000,417025,417692,4.160445,0.004160445
4160455000,417026,417693,4.160455,0.004160455
4160465000,417027,417694,4.160465,0.004160465
4160475000,417028,417695,4.160475,0.004160475
4160485000,417029,417696,4.160485,0.004160485
4160495000,417030,417697,4.160495,0.004160495
4160505000,417031,417698,4.160505,0.004160505
4160515000,417032,417699,4.160515,0.004160515
4160525000,417033,417700,4.160525,0.004160525
4160535000,417034,417701,4.160535,0.004160535
4160545000,417035,417702,4.160545,0.004160545
4160555000,417036,417703,4.160555,0.004160555
4160565000,417037,417704,4.160565,0.004160565
4160575000,417038,417705,4.160575,0.004160575
4160585000,417039,417706,4.160585,0.004160585
4160595000,417040,417707,4.160595,0.004160595
4160605000,417041,417708,4.160605,0.004160605
4160615000,417042,417709,4.160615,0.004160615
4160625000,417043,417710,4.160625,0.004160625
4160635000,417044,417711,4.160635,0.004160635
4160645000,417045,417712,4.160645,0.004160645
4160655000,417046,417713,4.160655,0.004160655
4160665000,417047,417714,4.160665,0.004160665
4160675000,417048,417715,4.160675,0.004160675
4160685000,417049,417716,4.160685,0.004160685
4160695000,417050,417717,4.160695,0.004160695
4160705000,417051,417718,4.160705,0.004160705
4160715000,417052,417719,4.160715,0.004160715
4160725000,417053,417720,4.160725,0.004160725
4160735000,417054,417721,4.160735,0.004160735
4160745000,417055,417722,4.160745,0.004160745
4160755000,417056,417723,4.160755,0.004160755
4160765000,417057,417724,4.160765,0.004160765
4160775000,417058,417725,4.160775,0.004160775
4160785000,417059,417726,4.160785,0.004160785
4160795000,417060,417727,4.160795,0.004160795
4160805000,417061,417728,4.160805,0.004160805
4160815000,417062,417729,4.160815,0.004160815
4160825000,417063,417730,4.160825,0.004160825
4160835000,417064,417731,4.160835,0.004160835
4160845000,417065,417732,4.160845,0.004160845
4160855000,417066,417733,4.160855,0.004160855
4160865000,417067,417734,4.160865,0.004160865
4160875000,417068,417735,4.160875,0.004160875
4160885000,417069,417736,4.160885,0.004160885
4160895000,417070,417737,4.160895,0.004160895
4160905000,417071,417738,4.160905,0.004160905
4160915000,417072,417739,4.160915,0.004160915
4160925000,417073,417740,4.160925,0.004160925
4160935000,417074,417741,4.160935,0.004160935
4160945000,417075,417742,4.160945,0.004160945
4160955000,417076,417743,4.160955,0.004160955
4160965000,417077,417744,4.160965,0.004160965
4160975000,417078,417745,4.160975,0.004160975
4160985000,417079,417746,4.160985,0.004160985
4160995000,417080,417747,4.160995,0.004160995
4480005000,448981,449642,4.480005,0.004480005
4480015000,448982,449643,4.480015,0.004480015
4480025000,448983,449644,4.480025,0.004480025
4480035000,448984,449645,4.480035,0.004480035
4480045000,448985,449646,4.480045,0.004480045
4480055000,448986,449647,4.480055,0.004480055
4480065000,448987,449648,4.480065,0.004480065
4480075000,448988,449649,4.480075,0.004480075
4480085000,448989,449650,4.480085,0.004480085
4480095000,448990,449651,4.480095,0.004480095
4480105000,448991,449652,4.480105,0.004480105
4480115000,448992,449653,4.480115,0.004480115
4480125000,448993,449654,4.480125,0.004480125
4480135000,448994,449655,4.480135,0.004480135
4480145000,448995,449656,4.480145,0.004480145
4480155000,448996,449657,4.480155,0.004480155
4480165000,448997,449658,4.480165,0.004480165
4480175000,448998,449659,4.480175,0.004480175
4480185000,448999,449660,4.480185,0.004480185
4480195000,449000,449661,4.480195,0.004480195
4480205000,449001,449662,4.480205,0.004480205
4480215000,449002,449663,4.480215,0.004480215
4480225000,449003,449664,4.480225,0.004480225
4480235000,449004,449665,4.480235,0.004480235
4480245000,449005,449666,4.480245,0.004480245
4480255000,449006,449667,4.480255,0.004480255
4480265000,449007,449668,4.480265,0.004480265
4480275000,449008,449669,4.480275,0.004480275
4480285000,449009,449670,4.480285,0.004480285
4480295000,449010,449671,4.480295,0.004480295
4480305000,449011,449672,4.480305,0.004480305
4480315000,449012,449673,4.480315,0.004480315
4480325000,449013,449674,4.480325,0.004480325
4480335000,449014,449675,4.480335,0.004480335
4480345000,449015,449676,4.480345,0.004480345
4480355000,449016,449677,4.480355,0.004480355
4480365000,449017,449678,4.480365,0.004480365
4480375000,449018,449679,4.480375,0.004480375
4480385000,449019,449680,4.480385,0.004480385
4480395000,449020,449681,4.480395,0.004480395
4480405000,449021,449682,4.480405,0.004480405
4480415000,449022,449683,4.480415,0.004480415
4480425000,449023,449684,4.480425,0.004480425
4480435000,449024,449685,4.480435,0.004480435
4480445000,449025,449686,4.480445,0.004480445
4480455000,449026,449687,4.480455,0.004480455
4480465000,449027,449688,4.480465,0.004480465
4480475000,449028,449689,4.480475,0.004480475
4480485000,449029,449690,4.480485,0.004480485
4480495000,449030,449691,4.480495,0.004480495
4480505000,449031,449692,4.480505,0.004480505
4480515000,449032,449693,4.480515,0.004480515
4480525000,449033,449694,4.480525,0.004480525
4480535000,449034,449695,4.480535,0.004480535
4480545000,449035,449696,4.480545,0.004480545
4480555000,449036,449697,4.480555,0.004480555
4480565000,449037,449698,4.480565,0.004480565
4480575000,449038,449699,4.480575,0.004480575
4480585000,449039,449700,4.480585,0.004480585
4480595000,449040,449701,4.480595,0.004480595
4480605000,449041,449702,4.480605,0.004480605
4480615000,449042,449703,4.480615,0.004480615
4480625000,449043,449704,4.480625,0.004480625
4480635000,449044,449705,4.480635,0.004480635
4480645000,449045,449706,4.480645,0.004480645
4480655000,449046,449707,4.480655,0.004480655
4480665000,449047,449708,4.480665,0.004480665
4480675000,449048,449709,4.480675,0.004480675
4480685000,449049,449710,4.480685,0.004480685
4480695000,449050,449711,4.480695,0.004480695
4480705000,449051,449712,4.480705,0.004480705
4480715000,449052,449713,4.480715,0.004480715
4480725000,449053,449714,4.480725,0.004480725
4480735000,449054,449715,4.480735,0.004480735
4480745000,449055,449716,4.480745,0.004480745
4480755000,449056,449717,4.480755,0.004480755
4480765000,449057,449718,4.480765,0.004480765
4480775000,449058,449719,4.480775,0.004480775
4480785000,449059,449720,4.480785,0.004480785
4480795000,449060,449721,4.480795,0.004480795
4480805000,449061,449722,4.480805,0.004480805
4480815000,449062,449723,4.480815,0.004480815
4480825000,449063,449724,4.480825,0.004480825
4480835000,449064,449725,4.480835,0.004480835
4480845000,449065,449726,4.480845,0.004480845
4480855000,449066,449727,4.480855,0.004480855
4480865000,449067,449728,4.480865,0.004480865
4480875000,449068,449729,4.480875,0.004480875
4480885000,449069,449730,4.480885,0.004480885
4480895000,449070,449731,4.480895,0.004480895
4480905000,449071,449732,4.480905,0.004480905
4480915000,449072,449733,4.480915,0.004480915
4480925000,449073,449734,4.480925,0.004480925
4480935000,449074,449735,4.480935,0.004480935
4480945000,449075,449736,4.480945,0.004480945
4480955000,449076,449737,4.480955,0.004480955
4480965000,449077,449738,4.480965,0.004480965
4480975000,449078,449739,4.480975,0.004480975
4480985000,449079,449740,4.480985,0.004480985
4480995000,449080,449741,4.480995,0.004480995
4800005000,480981,481636,4.800005,0.004800005
4800015000,480982,481637,4.800015,0.004800015
4800025000,480983,481638,4.800025,0.004800025
4800035000,480984,481639,4.800035,0.004800035
4800045000,480985,481640,4.800045,0.004800045
4800055000,480986,481641,4.800055,0.004800055
4800065000,480987,481642,4.800065,0.004800065
4800075000,480988,481643,4.800075,0.004800075
4800085000,480989,481644,4.800085,0.004800085
4800095000,480990,481645,4.800095,0.004800095
4800105000,480991,481646,4.800105,0.004800105
4800115000,480992,481647,4.800115,0.004800115
4800125000,480993,481648,4.800125,0.004800125
4800135000,480994,481649,4.800135,0.004800135
4800145000,480995,481650,4.800145,0.004800145
4800155000,480996,481651,4.800155,0.004800155
4800165000,480997,481652,4.800165,0.004800165
4800175000,480998,481653,4.800175,0.004800175
4800185000,480999,481654,4.800185,0.004800185
4800195000,481000,481655,4.800195,0.004800195
4800205000,481001,481656,4.800205,0.004800205
4800215000,481002,481657,4.800215,0.004800215
4800225000,481003,481658,4.800225,0.004800225
4800235000,481004,481659,4.800235,0.004800235
4800245000,481005,481660,4.800245,0.004800245
4800255000,481006,481661,4.800255,0.004800255
4800265000,481007,481662,4.800265,0.004800265
4800275000,481008,481663,4.800275,0.004800275
4800285000,481009,481664,4.800285,0.004800285
4800295000,481010,481665,4.800295,0.004800295
4800305000,481011,481666,4.800305,0.004800305
4800315000,481012,481667,4.800315,0.004800315
4800325000,481013,481668,4.800325,0.004800325
4800335000,481014,481669,4.800335,0.004800335
4800345000,481015,481670,4.800345,0.004800345
4800355000,481016,481671,4.800355,0.004800355
4800365000,481017,481672,4.800365,0.004800365
4800375000,481018,481673,4.800375,0.004800375
4800385000,481019,481674,4.800385,0.004800385
4800395000,481020,481675,4.800395,0.004800395
4800405000,481021,481676,4.800405,0.004800405
4800415000,481022,481677,4.800415,0.004800415
4800425000,481023,481678,4.800425,0.004800425
4800435000,481024,481679,4.800435,0.004800435
4800445000,481025,481680,4.800445,0.004800445
4800455000,481026,481681,4.800455,0.004800455
4800465000,481027,481682,4.800465,0.004800465
4800475000,481028,481683,4.800475,0.004800475
4800485000,481029,481684,4.800485,0.004800485
4800495000,481030,481685,4.800495,0.004800495
4800505000,481031,481686,4.800505,0.004800505
4800515000,481032,481687,4.800515,0.004800515
4800525000,481033,481688,4.800525,0.004800525
4800535000,481034,481689,4.800535,0.004800535
4800545000,481035,481690,4.800545,0.004800545
4800555000,481036,481691,4.800555,0.004800555
4800565000,481037,481692,4.800565,0.004800565
4800575000,481038,481693,4.800575,0.004800575
4800585000,481039,481694,4.800585,0.004800585
4800595000,481040,481695,4.800595,0.004800595
4800605000,481041,481696,4.800605,0.004800605
4800615000,481042,481697,4.800615,0.004800615
4800625000,481043,481698,4.800625,0.004800625
4800635000,481044,481699,4.800635,0.004800635
4800645000,481045,481700,4.800645,0.004800645
4800655000,481046,481701,4.800655,0.004800655
4800665000,481047,481702,4.800665,0.004800665
4800675000,481048,481703,4.800675,0.004800675
4800685000,481049,481704,4.800685,0.004800685
4800695000,481050,481705,4.800695,0.004800695
4800705000,481051,481706,4.800705,0.004800705
4800715000,481052,481707,4.800715,0.004800715
4800725000,481053,481708,4.800725,0.004800725
4800735000,481054,481709,4.800735,0.004800735
4800745000,481055,481710,4.800745,0.004800745
4800755000,481056,481711,4.800755,0.004800755
4800765000,481057,481712,4.800765,0.004800765
4800775000,481058,481713,4.800775,0.004800775
4800785000,481059,481714,4.800785,0.004800785
4800795000,481060,481715,4.800795,0.004800795
4800805000,481061,481716,4.800805,0.004800805
4800815000,481062,481717,4.800815,0.004800815
4800825000,481063,481718,4.800825,0.004800825
4800835000,481064,481719,4.800835,0.004800835
4800845000,481065,481720,4.800845,0.004800845
4800855000,481066,481721,4.800855,0.004800855
4800865000,481067,481722,4.800865,0.004800865
4800875000,481068,481723,4.800875,0.004800875
4800885000,481069,481724,4.800885,0.004800885
4800895000,481070,481725,4.800895,0.004800895
4800905000,481071,481726,4.800905,0.004800905
4800915000,481072,481727,4.800915,0.004800915
4800925000,481073,481728,4.800925,0.004800925
4800935000,481074,481729,4.800935,0.004800935
4800945000,481075,481730,4.800945,0.004800945
4800955000,481076,481731,4.800955,0.004800955
4800965000,481077,481731,4.800965,0.004800965
4800975000,481078,481732,4.800975,0.004800975
4800985000,481079,481733,4.800985,0.004800985
4800995000,481080,481734,4.800995,0.004800995
